{"count":1,"self":204.4434432,"total":275.4268601,"children":{"InitializeActuators":{"count":64,"self":0.0055081999999999996,"total":0.0055081999999999996,"children":null},"InitializeSensors":{"count":64,"self":0.0049892999999999995,"total":0.0049892999999999995,"children":null},"AgentSendState":{"count":8491,"self":6.2302988,"total":9.3987623,"children":{"CollectObservations":{"count":108736,"self":0.85276259999999993,"total":0.85276259999999993,"children":null},"WriteActionMask":{"count":108736,"self":0.12230859999999999,"total":0.12230859999999999,"children":null},"RequestDecision":{"count":108736,"self":0.38232309999999997,"total":2.1933922999999997,"children":{"AgentInfo.ToProto":{"count":108736,"self":0.2773618,"total":1.8110692,"children":{"GenerateSensorData":{"count":108736,"self":1.1668197,"total":1.5337074,"children":{"RayPerceptionSensor.Perceive":{"count":217472,"self":0.3668877,"total":0.3668877,"children":null}}}}}}}}},"DecideAction":{"count":8491,"self":59.2992256,"total":59.299227699999996,"children":null},"AgentAct":{"count":8491,"self":2.203646,"total":2.203646,"children":null},"AgentInfo.ToProto":{"count":1846,"self":0.0105836,"total":0.0692928,"children":{"GenerateSensorData":{"count":1846,"self":0.0476689,"total":0.058709199999999996,"children":{"RayPerceptionSensor.Perceive":{"count":3692,"self":0.0110403,"total":0.0110403,"children":null}}}}}},"gauges":{"Kart.CumulativeReward":{"count":1846,"max":408.391052,"min":-23.3871613,"runningAverage":12.6538382,"value":-0.0159149617,"weightedAverage":30.1129589}},"metadata":{"timer_format_version":"0.1.0","start_time_seconds":"1708097833","unity_version":"2022.3.11f1","command_line_arguments":"D:\\Program Files (x86)\\Unity\\2022.3.11f1\\Editor\\Unity.exe -projectpath D:\\Program Files (x86)\\Unity\\Projects\\Tesi -useHub -hubIPC -cloudEnvironment production","communication_protocol_version":"1.5.0","com.unity.ml-agents_version":"3.0.0-exp.1","scene_name":"Training","end_time_seconds":"1708098108"}}